<?xml version="1.0" encoding="UTF-8" standalone="yes"?>
<addon id="plugin.program.silenceromwizard" name="SilenceROM Wizard" version="0.0.1" provider-name="SilenceROM">
  <requires>
    <import addon="xbmc.python" version="2.1.0"/>
	<import addon="script.module.addon.common" />
  </requires>
  <extension point="xbmc.python.pluginsource" library="default.py">
        <provides>executable</provides>
  </extension>
  <extension point="xbmc.addon.metadata">
    <summary lang="en">SilenceROM Wizard by Elmore</summary>
    <description lang="en">Without work from the Devs this would not of been possible! Thanks Dan Elmore for creating the Wizard, to TVADDONS.AG, Guys @ Xunity, whufclee@ TotalXBMC, MuckyDuck and all Developers who created add-ons used in my build. Also a very special Thanks to whufclee for the original Community Builds code used in this add-on.</description>
    <platform>all</platform>
  </extension>
</addon>
