<?xml version="1.0" encoding="UTF-8" standalone="yes"?>
<addon id="plugin.program.silenceromwizard" name="SilenceROM Wizard" version="0.0.1" provider-name="SilenceROM">
  <requires>
    <import addon="xbmc.python" version="2.1.0"/>
  </requires>
  <extension point="xbmc.python.pluginsource" library="default.py">
        <provides>executable</provides>
  </extension>
  <extension point="xbmc.addon.metadata">
    <summary lang="en">SilenceROM Wizard</summary>
    <description lang="en">SilenceROM Software; c==|======> built for speed and stability. Thanks to whufclee for the original Community Builds code used in this add-on :). </description>
    <platform>all</platform>
  </extension>
</addon>
